,Target,Source
0,How do you know when your garage door opener is going bad?,Query: How do you know when your garage door opener is going bad? |||| Context:  |||| Reformulation: 
1,Now my garage door opener stopped working. Why?,Query: Now it stopped working. Why? |||| Context: How do you know when your garage door opener is going bad? |||| Reformulation: 
2,How much does it cost for someone to repair a garage door opener?,Query: How much does it cost for someone to fix it? |||| Context: Now my garage door opener stopped working. Why? ||| How do you know when your garage door opener is going bad? |||| Reformulation: 
3,How much does it cost to replace a garage door opener?,Query: How about replacing it instead? |||| Context: How much does it cost for someone to repair a garage door opener? ||| Now my garage door opener stopped working. Why? ||| How do you know when your garage door opener is going bad? |||| Reformulation: 
4,How do I choose a new garage door opener?,Query: How do I choose a new one? |||| Context: How much does it cost to replace a garage door opener? ||| How much does it cost for someone to repair a garage door opener? ||| Now my garage door opener stopped working. Why? ||| How do you know when your garage door opener is going bad? |||| Reformulation: 
5,What does a smart garage door opener do?,Query: What does a smart one do? |||| Context: How do I choose a new garage door opener? ||| How much does it cost to replace a garage door opener? ||| How much does it cost for someone to repair a garage door opener? ||| Now my garage door opener stopped working. Why? ||| How do you know when your garage door opener is going bad? |||| Reformulation: 
6,What's important for me to know about the safety of smart garage door openers?,Query: What's important for me to know about their safety? |||| Context: What does a smart garage door opener do? ||| How do I choose a new garage door opener? ||| How much does it cost to replace a garage door opener? ||| How much does it cost for someone to repair a garage door opener? ||| Now my garage door opener stopped working. Why? ||| How do you know when your garage door opener is going bad? |||| Reformulation: 
7,How could smart garage door openers be hacked?,Query: How could they be hacked? |||| Context: What's important for me to know about the safety of smart garage door openers? ||| What does a smart garage door opener do? ||| How do I choose a new garage door opener? ||| How much does it cost to replace a garage door opener? ||| How much does it cost for someone to repair a garage door opener? ||| Now my garage door opener stopped working. Why? ||| How do you know when your garage door opener is going bad? |||| Reformulation: 
0,I would like to learn about GMO Food labeling.,Query: I would like to learn about GMO Food labeling. |||| Context:  |||| Reformulation: 
1,What are the pros and cons of GMO food labeling?,Query: What are the pros and cons? |||| Context: I would like to learn about GMO Food labeling. |||| Reformulation: 
2,What are the cons of GMO food labeling?,Query: And what about the cons? |||| Context: What are the pros and cons of GMO food labeling? ||| I would like to learn about GMO Food labeling. |||| Reformulation: 
3,What are the GMO food labeling rules in the EU?,Query: What are the EU rules? |||| Context: What are the cons of GMO food labeling? ||| What are the pros and cons of GMO food labeling? ||| I would like to learn about GMO Food labeling. |||| Reformulation: 
4,Tell me about traceability tools for GMO foods in the EU.,Query: Tell me more about traceability tools. |||| Context: What are the GMO food labeling rules in the EU? ||| What are the cons of GMO food labeling? ||| What are the pros and cons of GMO food labeling? ||| I would like to learn about GMO Food labeling. |||| Reformulation: 
5,What is the role of Co-Extra in GMO food traceability in the EU?,Query: What is the role of Co-Extra? |||| Context: Tell me about traceability tools for GMO foods in the EU. ||| What are the GMO food labeling rules in the EU? ||| What are the cons of GMO food labeling? ||| What are the pros and cons of GMO food labeling? ||| I would like to learn about GMO Food labeling. |||| Reformulation: 
6,How is food tested for GMO contamination?,Query: How is testing done for contamination? |||| Context: What is the role of Co-Extra in GMO food traceability in the EU? ||| Tell me about traceability tools for GMO foods in the EU. ||| What are the GMO food labeling rules in the EU? ||| What are the cons of GMO food labeling? ||| What are the pros and cons of GMO food labeling? ||| I would like to learn about GMO Food labeling. |||| Reformulation: 
7,What's the difference between the European Union and United States approaches to testing for GMO food contamination?,Query: What's the difference between the European and US approaches? |||| Context: How is food tested for GMO contamination? ||| What is the role of Co-Extra in GMO food traceability in the EU? ||| Tell me about traceability tools for GMO foods in the EU. ||| What are the GMO food labeling rules in the EU? ||| What are the cons of GMO food labeling? ||| What are the pros and cons of GMO food labeling? ||| I would like to learn about GMO Food labeling. |||| Reformulation: 
8,How does the DNA-based method work for testing GMO contamination.,Query: How does the DNA-based method work? |||| Context: What's the difference between the European Union and United States approaches to testing for GMO food contamination? ||| How is food tested for GMO contamination? ||| What is the role of Co-Extra in GMO food traceability in the EU? ||| Tell me about traceability tools for GMO foods in the EU. ||| What are the GMO food labeling rules in the EU? ||| What are the cons of GMO food labeling? ||| What are the pros and cons of GMO food labeling? ||| I would like to learn about GMO Food labeling. |||| Reformulation: 
9,How could Co-Extra improve DNA-based testing for GMO contamination?,Query: How could Co-Extra improve it? |||| Context: How does the DNA-based method work for testing GMO contamination. ||| What's the difference between the European Union and United States approaches to testing for GMO food contamination? ||| How is food tested for GMO contamination? ||| What is the role of Co-Extra in GMO food traceability in the EU? ||| Tell me about traceability tools for GMO foods in the EU. ||| What are the GMO food labeling rules in the EU? ||| What are the cons of GMO food labeling? ||| What are the pros and cons of GMO food labeling? ||| I would like to learn about GMO Food labeling. |||| Reformulation: 
0,What are some interesting facts about bees?,Query: What are some interesting facts about bees? |||| Context:  |||| Reformulation: 
1,Why doesn't honey spoil?,Query: Why doesn't it spoil? |||| Context: What are some interesting facts about bees? |||| Reformulation: 
2,Why are so many bees dying?,Query: Why are so many dying? |||| Context: Why doesn't honey spoil? ||| What are some interesting facts about bees? |||| Reformulation: 
3,What can be done to stop bees from dying?,Query: What can be done to stop it? |||| Context: Why are so many bees dying? ||| Why doesn't honey spoil? ||| What are some interesting facts about bees? |||| Reformulation: 
4,What has happened to bee habitat?,Query: What has happened to their habitat? |||| Context: What can be done to stop bees from dying? ||| Why are so many bees dying? ||| Why doesn't honey spoil? ||| What are some interesting facts about bees? |||| Reformulation: 
5,What can I do to help provide a habitat for bees?,Query: What can I do to help with the problem? |||| Context: What has happened to bee habitat? ||| What can be done to stop bees from dying? ||| Why are so many bees dying? ||| Why doesn't honey spoil? ||| What are some interesting facts about bees? |||| Reformulation: 
6,What is the cause of colony collapse disorder?,Query: What is the cause of CCD? |||| Context: What can I do to help provide a habitat for bees? ||| What has happened to bee habitat? ||| What can be done to stop bees from dying? ||| Why are so many bees dying? ||| Why doesn't honey spoil? ||| What are some interesting facts about bees? |||| Reformulation: 
7,What would happen if the bees died out?,Query: What would happen if they died out? |||| Context: What is the cause of colony collapse disorder? ||| What can I do to help provide a habitat for bees? ||| What has happened to bee habitat? ||| What can be done to stop bees from dying? ||| Why are so many bees dying? ||| Why doesn't honey spoil? ||| What are some interesting facts about bees? |||| Reformulation: 
0,How does seed investment work for startups?,Query: How does seed investment work for startups? |||| Context:  |||| Reformulation: 
1,Tell me more about angel investment rounds.,Query: Tell me more about angel rounds. |||| Context: How does seed investment work for startups? |||| Reformulation: 
2,How does an angel investment round compare with crowdfunding?,Query: How does it compare with crowdfunding? |||| Context: Tell me more about angel investment rounds. ||| How does seed investment work for startups? |||| Reformulation: 
3,How much is a typical A series investment round?,Query: How much is a typical A series round? |||| Context: How does an angel investment round compare with crowdfunding? ||| Tell me more about angel investment rounds. ||| How does seed investment work for startups? |||| Reformulation: 
4,What are the risks of investing in startups?,Query: What are the risks of investing? |||| Context: How much is a typical A series investment round? ||| How does an angel investment round compare with crowdfunding? ||| Tell me more about angel investment rounds. ||| How does seed investment work for startups? |||| Reformulation: 
5,What are the different types of instruments used by Venture Capitalists?,Query: What are the different types of instruments used by VCs? |||| Context: What are the risks of investing in startups? ||| How much is a typical A series investment round? ||| How does an angel investment round compare with crowdfunding? ||| Tell me more about angel investment rounds. ||| How does seed investment work for startups? |||| Reformulation: 
0,How much does a Lamborghini cost?,Query: How much does a used Lamborghini cost? |||| Context:  |||| Reformulation: 
1,How does a Lamborghini compare to a Ferrari?,Query: How does it compare to a Ferrari? |||| Context: How much does a Lamborghini cost? |||| Reformulation: 
2,Interesting. How much does a pimped-out food truck cost?,Query: Interesting. What about for a pimped-out food truck? |||| Context: How does a Lamborghini compare to a Ferrari? ||| How much does a Lamborghini cost? |||| Reformulation: 
3,What licenses and permits are needed for a food truck?,Query: What licenses and permits are needed? |||| Context: Interesting. How much does a pimped-out food truck cost? ||| How does a Lamborghini compare to a Ferrari? ||| How much does a Lamborghini cost? |||| Reformulation: 
4,What makes a good food truck location?,Query: What makes a good location? |||| Context: What licenses and permits are needed for a food truck? ||| Interesting. How much does a pimped-out food truck cost? ||| How does a Lamborghini compare to a Ferrari? ||| How much does a Lamborghini cost? |||| Reformulation: 
5,What is a typical day like running a food truck?,Query: What is a typical day like? |||| Context: What makes a good food truck location? ||| What licenses and permits are needed for a food truck? ||| Interesting. How much does a pimped-out food truck cost? ||| How does a Lamborghini compare to a Ferrari? ||| How much does a Lamborghini cost? |||| Reformulation: 
6,How can I run a successful food truck?,Query: How can I run it successfully? |||| Context: What is a typical day like running a food truck? ||| What makes a good food truck location? ||| What licenses and permits are needed for a food truck? ||| Interesting. How much does a pimped-out food truck cost? ||| How does a Lamborghini compare to a Ferrari? ||| How much does a Lamborghini cost? |||| Reformulation: 
7,What are some good examples of successful food trucks to learn from?,Query: What are some good examples to learn from? |||| Context: How can I run a successful food truck? ||| What is a typical day like running a food truck? ||| What makes a good food truck location? ||| What licenses and permits are needed for a food truck? ||| Interesting. How much does a pimped-out food truck cost? ||| How does a Lamborghini compare to a Ferrari? ||| How much does a Lamborghini cost? |||| Reformulation: 
8,"Besides inventive flavors, what made Kogi successful?","Query: Besides inventive flavors, what made it successful? |||| Context: What are some good examples of successful food trucks to learn from? ||| How can I run a successful food truck? ||| What is a typical day like running a food truck? ||| What makes a good food truck location? ||| What licenses and permits are needed for a food truck? ||| Interesting. How much does a pimped-out food truck cost? ||| How does a Lamborghini compare to a Ferrari? ||| How much does a Lamborghini cost? |||| Reformulation: "
0,What is the climate like in Utah?,Query: What is the climate like in Utah? |||| Context:  |||| Reformulation: 
1,How does the climate of Salt Lake City differ from Utah overall?,Query: How does Salt Lake City differ? |||| Context: What is the climate like in Utah? |||| Reformulation: 
2,What is the main economic activity of Salt Lake City?,Query: What is its main economic activity? |||| Context: How does the climate of Salt Lake City differ from Utah overall? ||| What is the climate like in Utah? |||| Reformulation: 
3,What was the impact of the 2002 olympic winter games on the economy of Salt Lake City?,Query: What was the impact of the 2002 games? |||| Context: What is the main economic activity of Salt Lake City? ||| How does the climate of Salt Lake City differ from Utah overall? ||| What is the climate like in Utah? |||| Reformulation: 
4,What were important ski locations used in the 2002 olympic winter games?,Query: What were important ski locations used? |||| Context: What was the impact of the 2002 olympic winter games on the economy of Salt Lake City? ||| What is the main economic activity of Salt Lake City? ||| How does the climate of Salt Lake City differ from Utah overall? ||| What is the climate like in Utah? |||| Reformulation: 
5,What are the important non-ski events that happen in Salt Lake City?,Query: What are the important non-ski events that happen in the city? |||| Context: What were important ski locations used in the 2002 olympic winter games? ||| What was the impact of the 2002 olympic winter games on the economy of Salt Lake City? ||| What is the main economic activity of Salt Lake City? ||| How does the climate of Salt Lake City differ from Utah overall? ||| What is the climate like in Utah? |||| Reformulation: 
6,What are some popular non-winter things to do in the Salt Lake City area?,Query: What about some popular non-winter things to do in the area? |||| Context: What are the important non-ski events that happen in Salt Lake City? ||| What were important ski locations used in the 2002 olympic winter games? ||| What was the impact of the 2002 olympic winter games on the economy of Salt Lake City? ||| What is the main economic activity of Salt Lake City? ||| How does the climate of Salt Lake City differ from Utah overall? ||| What is the climate like in Utah? |||| Reformulation: 
0,What are the different types of orange trees?,Query: What are the different types of orange trees? |||| Context:  |||| Reformulation: 
1,How can you tell different types of orange trees apart?,Query: How can you tell them apart? |||| Context: What are the different types of orange trees? |||| Reformulation: 
2,What type of orange tree has thorns?,Query: What type has thorns? |||| Context: How can you tell different types of orange trees apart? ||| What are the different types of orange trees? |||| Reformulation: 
3,Where do orange trees originally come from?,Query: Where do they originally come from? |||| Context: What type of orange tree has thorns? ||| How can you tell different types of orange trees apart? ||| What are the different types of orange trees? |||| Reformulation: 
4,Tell me about the Hamlin orange variety.,Query: Tell me about the Hamlin variety. |||| Context: Where do orange trees originally come from? ||| What type of orange tree has thorns? ||| How can you tell different types of orange trees apart? ||| What are the different types of orange trees? |||| Reformulation: 
5,Why did the Hamlin orange replace the Parson Brown variety?,Query: Why did it replace PB? |||| Context: Tell me about the Hamlin orange variety. ||| Where do orange trees originally come from? ||| What type of orange tree has thorns? ||| How can you tell different types of orange trees apart? ||| What are the different types of orange trees? |||| Reformulation: 
6,What are the different types of navel oranges?,Query: What are the different types of navels? |||| Context: Why did the Hamlin orange replace the Parson Brown variety? ||| Tell me about the Hamlin orange variety. ||| Where do orange trees originally come from? ||| What type of orange tree has thorns? ||| How can you tell different types of orange trees apart? ||| What are the different types of orange trees? |||| Reformulation: 
7,Which type of navel orange is the most delicious?,Query: Which is the most delicious? |||| Context: What are the different types of navel oranges? ||| Why did the Hamlin orange replace the Parson Brown variety? ||| Tell me about the Hamlin orange variety. ||| Where do orange trees originally come from? ||| What type of orange tree has thorns? ||| How can you tell different types of orange trees apart? ||| What are the different types of orange trees? |||| Reformulation: 
8,How do cara cara oranges compare with blood oranges?,Query: How do they compare with blood oranges? |||| Context: Which type of navel orange is the most delicious? ||| What are the different types of navel oranges? ||| Why did the Hamlin orange replace the Parson Brown variety? ||| Tell me about the Hamlin orange variety. ||| Where do orange trees originally come from? ||| What type of orange tree has thorns? ||| How can you tell different types of orange trees apart? ||| What are the different types of orange trees? |||| Reformulation: 
0,Can I have some information on the labor systems of the Ottoman Empire?,Query: Can I have some information on the labor systems of the Ottoman Empire? |||| Context:  |||| Reformulation: 
1,What was the role of slavery in the labor system of the Ottoman Empire?,Query: What was the role of slavery? |||| Context: Can I have some information on the labor systems of the Ottoman Empire? |||| Reformulation: 
2,How did the Ottoman Empire govern?,Query: How did it govern? |||| Context: What was the role of slavery in the labor system of the Ottoman Empire? ||| Can I have some information on the labor systems of the Ottoman Empire? |||| Reformulation: 
3,Why was the Ottoman Empire important?,Query: Why was it important? |||| Context: How did the Ottoman Empire govern? ||| What was the role of slavery in the labor system of the Ottoman Empire? ||| Can I have some information on the labor systems of the Ottoman Empire? |||| Reformulation: 
4,What was the culture like in the Ottoman Empire?,Query: What was the culture like? |||| Context: Why was the Ottoman Empire important? ||| How did the Ottoman Empire govern? ||| What was the role of slavery in the labor system of the Ottoman Empire? ||| Can I have some information on the labor systems of the Ottoman Empire? |||| Reformulation: 
5,What was the role of storytellers in the culture of the Ottoman Empire?,Query: What was the role of storytellers? |||| Context: What was the culture like in the Ottoman Empire? ||| Why was the Ottoman Empire important? ||| How did the Ottoman Empire govern? ||| What was the role of slavery in the labor system of the Ottoman Empire? ||| Can I have some information on the labor systems of the Ottoman Empire? |||| Reformulation: 
6,What were popular stories told by meddahs in the Ottoman Empire?,Query: What were popular stories? |||| Context: What was the role of storytellers in the culture of the Ottoman Empire? ||| What was the culture like in the Ottoman Empire? ||| Why was the Ottoman Empire important? ||| How did the Ottoman Empire govern? ||| What was the role of slavery in the labor system of the Ottoman Empire? ||| Can I have some information on the labor systems of the Ottoman Empire? |||| Reformulation: 
7,What was the importance of the confessional millet system to the Ottoman Empire?,Query: What was the importance of the millet? |||| Context: What were popular stories told by meddahs in the Ottoman Empire? ||| What was the role of storytellers in the culture of the Ottoman Empire? ||| What was the culture like in the Ottoman Empire? ||| Why was the Ottoman Empire important? ||| How did the Ottoman Empire govern? ||| What was the role of slavery in the labor system of the Ottoman Empire? ||| Can I have some information on the labor systems of the Ottoman Empire? |||| Reformulation: 
8,Why did the British continue the confessional millet system from the Ottoman Empire?,Query: Why did the British continue it? |||| Context: What was the importance of the confessional millet system to the Ottoman Empire? ||| What were popular stories told by meddahs in the Ottoman Empire? ||| What was the role of storytellers in the culture of the Ottoman Empire? ||| What was the culture like in the Ottoman Empire? ||| Why was the Ottoman Empire important? ||| How did the Ottoman Empire govern? ||| What was the role of slavery in the labor system of the Ottoman Empire? ||| Can I have some information on the labor systems of the Ottoman Empire? |||| Reformulation: 
9,What is the historical importance of the confessional millet system in the development of national identities?,Query: What is its historical importance in developing national identities? |||| Context: Why did the British continue the confessional millet system from the Ottoman Empire? ||| What was the importance of the confessional millet system to the Ottoman Empire? ||| What were popular stories told by meddahs in the Ottoman Empire? ||| What was the role of storytellers in the culture of the Ottoman Empire? ||| What was the culture like in the Ottoman Empire? ||| Why was the Ottoman Empire important? ||| How did the Ottoman Empire govern? ||| What was the role of slavery in the labor system of the Ottoman Empire? ||| Can I have some information on the labor systems of the Ottoman Empire? |||| Reformulation: 
0,What is the relationship between predator and prey?,Query: What is the relationship between predator and prey? |||| Context:  |||| Reformulation: 
1,What do predator plants eat?,Query: What do predator plants eat? |||| Context: What is the relationship between predator and prey? |||| Reformulation: 
2,What do Venus flytraps eat?,Query: What about Venus flytraps in particular? |||| Context: What do predator plants eat? ||| What is the relationship between predator and prey? |||| Reformulation: 
3,Where is the Venus flytrap native to?,Query: Where is it native to? |||| Context: What do Venus flytraps eat? ||| What do predator plants eat? ||| What is the relationship between predator and prey? |||| Reformulation: 
4,How do Venus flytraps attract and catch their prey?,Query: How do they attract and catch their prey? |||| Context: Where is the Venus flytrap native to? ||| What do Venus flytraps eat? ||| What do predator plants eat? ||| What is the relationship between predator and prey? |||| Reformulation: 
5,What other carnivorous plants are native to North and South Carolina?,Query: What are other similar plants from its native area? |||| Context: How do Venus flytraps attract and catch their prey? ||| Where is the Venus flytrap native to? ||| What do Venus flytraps eat? ||| What do predator plants eat? ||| What is the relationship between predator and prey? |||| Reformulation: 
6,How do populations of predators and prey relate?,Query: How do populations of predators and prey relate? |||| Context: What other carnivorous plants are native to North and South Carolina? ||| How do Venus flytraps attract and catch their prey? ||| Where is the Venus flytrap native to? ||| What do Venus flytraps eat? ||| What do predator plants eat? ||| What is the relationship between predator and prey? |||| Reformulation: 
7,Why would the roles of predator and prey reverse?,Query: Why would the roles reverse? |||| Context: How do populations of predators and prey relate? ||| What other carnivorous plants are native to North and South Carolina? ||| How do Venus flytraps attract and catch their prey? ||| Where is the Venus flytrap native to? ||| What do Venus flytraps eat? ||| What do predator plants eat? ||| What is the relationship between predator and prey? |||| Reformulation: 
8,How do predators and prey influence biodiversity?,Query: How does the relationship influence biodiversity? |||| Context: Why would the roles of predator and prey reverse? ||| How do populations of predators and prey relate? ||| What other carnivorous plants are native to North and South Carolina? ||| How do Venus flytraps attract and catch their prey? ||| Where is the Venus flytrap native to? ||| What do Venus flytraps eat? ||| What do predator plants eat? ||| What is the relationship between predator and prey? |||| Reformulation: 
9,What are examples of apex predators?,Query: What are examples of these predators? |||| Context: How do predators and prey influence biodiversity? ||| Why would the roles of predator and prey reverse? ||| How do populations of predators and prey relate? ||| What other carnivorous plants are native to North and South Carolina? ||| How do Venus flytraps attract and catch their prey? ||| Where is the Venus flytrap native to? ||| What do Venus flytraps eat? ||| What do predator plants eat? ||| What is the relationship between predator and prey? |||| Reformulation: 
10,Why would humans be considered apex predators?,Query: Why would humans be considered one? |||| Context: What are examples of apex predators? ||| How do predators and prey influence biodiversity? ||| Why would the roles of predator and prey reverse? ||| How do populations of predators and prey relate? ||| What other carnivorous plants are native to North and South Carolina? ||| How do Venus flytraps attract and catch their prey? ||| Where is the Venus flytrap native to? ||| What do Venus flytraps eat? ||| What do predator plants eat? ||| What is the relationship between predator and prey? |||| Reformulation: 
0,Which is the biggest commercial plane?,Query: Which is the biggest commercial plane? |||| Context:  |||| Reformulation: 
1,What are the operational costs of the Airbus A380?,Query: What are its operational costs? |||| Context: Which is the biggest commercial plane? |||| Reformulation: 
2,How does the Airbus A380 fuel consumption compare to its competitors?,Query: How does its fuel consumption compare to its competitors? |||| Context: What are the operational costs of the Airbus A380? ||| Which is the biggest commercial plane? |||| Reformulation: 
3,How do the freighter versions of the Airbus A380 and Boeing 747 compare to each other?,Query: How do the freighter versions compare to each other? |||| Context: How does the Airbus A380 fuel consumption compare to its competitors? ||| What are the operational costs of the Airbus A380? ||| Which is the biggest commercial plane? |||| Reformulation: 
4,Why did the Airbus A380 stop being produced?,Query: Why did the A380 stop being produced? |||| Context: How do the freighter versions of the Airbus A380 and Boeing 747 compare to each other? ||| How does the Airbus A380 fuel consumption compare to its competitors? ||| What are the operational costs of the Airbus A380? ||| Which is the biggest commercial plane? |||| Reformulation: 
5,What was Boeing's response to compete with the Airbus A380?,Query: What was Boeing's response to compete with it? |||| Context: Why did the Airbus A380 stop being produced? ||| How do the freighter versions of the Airbus A380 and Boeing 747 compare to each other? ||| How does the Airbus A380 fuel consumption compare to its competitors? ||| What are the operational costs of the Airbus A380? ||| Which is the biggest commercial plane? |||| Reformulation: 
6,What is the newest version of the Boeing 777 and what is better about it?,Query: What is the newest version and what is better about it? |||| Context: What was Boeing's response to compete with the Airbus A380? ||| Why did the Airbus A380 stop being produced? ||| How do the freighter versions of the Airbus A380 and Boeing 747 compare to each other? ||| How does the Airbus A380 fuel consumption compare to its competitors? ||| What are the operational costs of the Airbus A380? ||| Which is the biggest commercial plane? |||| Reformulation: 
7,What are the differences between the Boeing 777X-8 and 777X-9?,Query: What are the differences between the variants? |||| Context: What is the newest version of the Boeing 777 and what is better about it? ||| What was Boeing's response to compete with the Airbus A380? ||| Why did the Airbus A380 stop being produced? ||| How do the freighter versions of the Airbus A380 and Boeing 747 compare to each other? ||| How does the Airbus A380 fuel consumption compare to its competitors? ||| What are the operational costs of the Airbus A380? ||| Which is the biggest commercial plane? |||| Reformulation: 
0,What is the purpose of the General Data Protection Regulation (GDPR)?,Query: What is the purpose of GDPR? |||| Context:  |||| Reformulation: 
1,What is different between General Data Protection Regulation (GDPR) and European Union (EU) Data Protection Directive 95/46/EC?,Query: What is different compared to previous legislation? |||| Context: What is the purpose of the General Data Protection Regulation (GDPR)? |||| Reformulation: 
2,What are the privacy implications of social networks and cloud computing?,Query: What are the privacy implications of those technologies? |||| Context: What is different between General Data Protection Regulation (GDPR) and European Union (EU) Data Protection Directive 95/46/EC? ||| What is the purpose of the General Data Protection Regulation (GDPR)? |||| Reformulation: 
3,"Oh, Internet Protocol (IP) addresses are considered Personally Identifying Information (PII)? What is the full range of personal data defined in the General Data Protection Regulation (GDPR)?","Query: Oh, IP addresses are considered PII? What is the full range of personal data? |||| Context: What are the privacy implications of social networks and cloud computing? ||| What is different between General Data Protection Regulation (GDPR) and European Union (EU) Data Protection Directive 95/46/EC? ||| What is the purpose of the General Data Protection Regulation (GDPR)? |||| Reformulation: "
4,How do big companies in the United States (US) adapt to the General Data Protection Regulation (GDPR)?,"Query: How do big companies adapt to GDPR? |||| Context: Oh, Internet Protocol (IP) addresses are considered Personally Identifying Information (PII)? What is the full range of personal data defined in the General Data Protection Regulation (GDPR)? ||| What are the privacy implications of social networks and cloud computing? ||| What is different between General Data Protection Regulation (GDPR) and European Union (EU) Data Protection Directive 95/46/EC? ||| What is the purpose of the General Data Protection Regulation (GDPR)? |||| Reformulation: "
5,OK. Tell me about the privacy issues in social networks.,"Query: OK. Tell me about the privacy issues in social networks. |||| Context: How do big companies in the United States (US) adapt to the General Data Protection Regulation (GDPR)? ||| Oh, Internet Protocol (IP) addresses are considered Personally Identifying Information (PII)? What is the full range of personal data defined in the General Data Protection Regulation (GDPR)? ||| What are the privacy implications of social networks and cloud computing? ||| What is different between General Data Protection Regulation (GDPR) and European Union (EU) Data Protection Directive 95/46/EC? ||| What is the purpose of the General Data Protection Regulation (GDPR)? |||| Reformulation: "
6,What do users of social networks get in return for by giving up their privacy?,"Query: What do they get in return for their privacy? |||| Context: OK. Tell me about the privacy issues in social networks. ||| How do big companies in the United States (US) adapt to the General Data Protection Regulation (GDPR)? ||| Oh, Internet Protocol (IP) addresses are considered Personally Identifying Information (PII)? What is the full range of personal data defined in the General Data Protection Regulation (GDPR)? ||| What are the privacy implications of social networks and cloud computing? ||| What is different between General Data Protection Regulation (GDPR) and European Union (EU) Data Protection Directive 95/46/EC? ||| What is the purpose of the General Data Protection Regulation (GDPR)? |||| Reformulation: "
7,What are the symptoms of social network addiction?,"Query: What are the symptoms of that addiction? |||| Context: What do users of social networks get in return for by giving up their privacy? ||| OK. Tell me about the privacy issues in social networks. ||| How do big companies in the United States (US) adapt to the General Data Protection Regulation (GDPR)? ||| Oh, Internet Protocol (IP) addresses are considered Personally Identifying Information (PII)? What is the full range of personal data defined in the General Data Protection Regulation (GDPR)? ||| What are the privacy implications of social networks and cloud computing? ||| What is different between General Data Protection Regulation (GDPR) and European Union (EU) Data Protection Directive 95/46/EC? ||| What is the purpose of the General Data Protection Regulation (GDPR)? |||| Reformulation: "
0,Do shoulder braces help recover from an injury?,Query: Do shoulder braces help recover from an injury? |||| Context:  |||| Reformulation: 
1,Tell me more about some shoulder exercises that could help recovery from an injury.,Query: Tell me more about some exercises that could help. |||| Context: Do shoulder braces help recover from an injury? |||| Reformulation: 
2,What are other exercises besides Pendulum circles for shoulder injuries?,Query: What are some others? |||| Context: Tell me more about some shoulder exercises that could help recovery from an injury. ||| Do shoulder braces help recover from an injury? |||| Reformulation: 
3,How do I know if my shoulder pain is serious?,Query: How do I know if it's serious? |||| Context: What are other exercises besides Pendulum circles for shoulder injuries? ||| Tell me more about some shoulder exercises that could help recovery from an injury. ||| Do shoulder braces help recover from an injury? |||| Reformulation: 
4,When should you consider shoulder surgery?,Query: When should you consider surgery? |||| Context: How do I know if my shoulder pain is serious? ||| What are other exercises besides Pendulum circles for shoulder injuries? ||| Tell me more about some shoulder exercises that could help recovery from an injury. ||| Do shoulder braces help recover from an injury? |||| Reformulation: 
5,That seems extreme. What are other ways to treat shoulder pain?,Query: That seems extreme. What are other ways to treat the pain? |||| Context: When should you consider shoulder surgery? ||| How do I know if my shoulder pain is serious? ||| What are other exercises besides Pendulum circles for shoulder injuries? ||| Tell me more about some shoulder exercises that could help recovery from an injury. ||| Do shoulder braces help recover from an injury? |||| Reformulation: 
6,How do I stop my shoulder from hurting at my desk?,Query: How do I stop it from hurting at my desk? |||| Context: That seems extreme. What are other ways to treat shoulder pain? ||| When should you consider shoulder surgery? ||| How do I know if my shoulder pain is serious? ||| What are other exercises besides Pendulum circles for shoulder injuries? ||| Tell me more about some shoulder exercises that could help recovery from an injury. ||| Do shoulder braces help recover from an injury? |||| Reformulation: 
7,What are the benefits of a standing desk for shoulder pain?,Query: What are the benefits of a standing one? |||| Context: How do I stop my shoulder from hurting at my desk? ||| That seems extreme. What are other ways to treat shoulder pain? ||| When should you consider shoulder surgery? ||| How do I know if my shoulder pain is serious? ||| What are other exercises besides Pendulum circles for shoulder injuries? ||| Tell me more about some shoulder exercises that could help recovery from an injury. ||| Do shoulder braces help recover from an injury? |||| Reformulation: 
0,Tell me about purchasing a Burger King franchise.,Query: Tell me about purchasing a Burger King franchise. |||| Context:  |||| Reformulation: 
1,"No, not information about Burger King's acquisition. I want to know how to open a Burger King franchise.","Query: No, not information about its acquisition. I want to know how to open a franchise. |||| Context: Tell me about purchasing a Burger King franchise. |||| Reformulation: "
2,Is there any financial support for the initial franchise fee of a Burger King restaurant franchise?,"Query: Is there any financial support for the fee? |||| Context: No, not information about Burger King's acquisition. I want to know how to open a Burger King franchise. ||| Tell me about purchasing a Burger King franchise. |||| Reformulation: "
3,How much does a Burger King franchise owner typically make?,"Query: How much does an owner typically make? |||| Context: Is there any financial support for the initial franchise fee of a Burger King restaurant franchise? ||| No, not information about Burger King's acquisition. I want to know how to open a Burger King franchise. ||| Tell me about purchasing a Burger King franchise. |||| Reformulation: "
4,Is it better to be a Burger King franchisee or an independent restaurant owner?,"Query: Is it better to be a franchise or independent? |||| Context: How much does a Burger King franchise owner typically make? ||| Is there any financial support for the initial franchise fee of a Burger King restaurant franchise? ||| No, not information about Burger King's acquisition. I want to know how to open a Burger King franchise. ||| Tell me about purchasing a Burger King franchise. |||| Reformulation: "
5,What support does the franchise provide?,"Query: What support does it provide? |||| Context: Is it better to be a Burger King franchisee or an independent restaurant owner? ||| How much does a Burger King franchise owner typically make? ||| Is there any financial support for the initial franchise fee of a Burger King restaurant franchise? ||| No, not information about Burger King's acquisition. I want to know how to open a Burger King franchise. ||| Tell me about purchasing a Burger King franchise. |||| Reformulation: "
6,OK let's do it. What is the process of buying a Burger King franchise?,"Query: OK let's do it. What is the process? |||| Context: What support does the franchise provide? ||| Is it better to be a Burger King franchisee or an independent restaurant owner? ||| How much does a Burger King franchise owner typically make? ||| Is there any financial support for the initial franchise fee of a Burger King restaurant franchise? ||| No, not information about Burger King's acquisition. I want to know how to open a Burger King franchise. ||| Tell me about purchasing a Burger King franchise. |||| Reformulation: "
0,How did snowboarding begin?,Query: How did snowboarding begin? |||| Context:  |||| Reformulation: 
1,Interesting. That's later than I expected. Who were the winners of snowboarding events in the 1998 Winter Olympics?,Query: Interesting. That's later than I expected. Who were the winners? |||| Context: How did snowboarding begin? |||| Reformulation: 
2,What are strap-in snowboard bindings?,Query: What are strap-in bindings? |||| Context: Interesting. That's later than I expected. Who were the winners of snowboarding events in the 1998 Winter Olympics? ||| How did snowboarding begin? |||| Reformulation: 
3,What's an alternative to the strap-in binding style for snowboarding?,Query: What's an alternative to this binding style? |||| Context: What are strap-in snowboard bindings? ||| Interesting. That's later than I expected. Who were the winners of snowboarding events in the 1998 Winter Olympics? ||| How did snowboarding begin? |||| Reformulation: 
4,What else besides bindings do I need for my first time snowboarding?,Query: What else do I need for my first time? |||| Context: What's an alternative to the strap-in binding style for snowboarding? ||| What are strap-in snowboard bindings? ||| Interesting. That's later than I expected. Who were the winners of snowboarding events in the 1998 Winter Olympics? ||| How did snowboarding begin? |||| Reformulation: 
5,How can I teach myself to get started snowboarding?,Query: How can I teach myself to get started? |||| Context: What else besides bindings do I need for my first time snowboarding? ||| What's an alternative to the strap-in binding style for snowboarding? ||| What are strap-in snowboard bindings? ||| Interesting. That's later than I expected. Who were the winners of snowboarding events in the 1998 Winter Olympics? ||| How did snowboarding begin? |||| Reformulation: 
6,What are the best snowboarding slopes for beginners around Seattle?,Query: What are the best slopes in Seattle? |||| Context: How can I teach myself to get started snowboarding? ||| What else besides bindings do I need for my first time snowboarding? ||| What's an alternative to the strap-in binding style for snowboarding? ||| What are strap-in snowboard bindings? ||| Interesting. That's later than I expected. Who were the winners of snowboarding events in the 1998 Winter Olympics? ||| How did snowboarding begin? |||| Reformulation: 
7,What are other things to do at Mount Bachelor Ski & Sports,Query: What are other things to do at Bachelor? |||| Context: What are the best snowboarding slopes for beginners around Seattle? ||| How can I teach myself to get started snowboarding? ||| What else besides bindings do I need for my first time snowboarding? ||| What's an alternative to the strap-in binding style for snowboarding? ||| What are strap-in snowboard bindings? ||| Interesting. That's later than I expected. Who were the winners of snowboarding events in the 1998 Winter Olympics? ||| How did snowboarding begin? |||| Reformulation: 
0,How are waste and garbage processed?,Query: How are waste and garbage processed? |||| Context:  |||| Reformulation: 
1,Interesting. What is the impact of burning waste and garbage on the environment?,Query: Interesting. What is the impact of burning on the environment? |||| Context: How are waste and garbage processed? |||| Reformulation: 
2,Why does waste compaction slow the biodegradation of organic waste?,Query: So you can compact them; why does it slow the waste processing? |||| Context: Interesting. What is the impact of burning waste and garbage on the environment? ||| How are waste and garbage processed? |||| Reformulation: 
3,How is sewage recycled?,Query: How is sewage recycled? |||| Context: Why does waste compaction slow the biodegradation of organic waste? ||| Interesting. What is the impact of burning waste and garbage on the environment? ||| How are waste and garbage processed? |||| Reformulation: 
4,What are the pros and cons of recycling vs composting garbage?,Query: What are the pros and cons of recycling vs composting? |||| Context: How is sewage recycled? ||| Why does waste compaction slow the biodegradation of organic waste? ||| Interesting. What is the impact of burning waste and garbage on the environment? ||| How are waste and garbage processed? |||| Reformulation: 
5,Tell me more about biodegradable plastics.,Query: Tell me more about biodegradable plastics. |||| Context: What are the pros and cons of recycling vs composting garbage? ||| How is sewage recycled? ||| Why does waste compaction slow the biodegradation of organic waste? ||| Interesting. What is the impact of burning waste and garbage on the environment? ||| How are waste and garbage processed? |||| Reformulation: 
6,How are biodegradable plastics made?,Query: How are they made? |||| Context: Tell me more about biodegradable plastics. ||| What are the pros and cons of recycling vs composting garbage? ||| How is sewage recycled? ||| Why does waste compaction slow the biodegradation of organic waste? ||| Interesting. What is the impact of burning waste and garbage on the environment? ||| How are waste and garbage processed? |||| Reformulation: 
7,How is corn oil used to make biodegradable plastics?,Query: How is corn oil used? |||| Context: How are biodegradable plastics made? ||| Tell me more about biodegradable plastics. ||| What are the pros and cons of recycling vs composting garbage? ||| How is sewage recycled? ||| Why does waste compaction slow the biodegradation of organic waste? ||| Interesting. What is the impact of burning waste and garbage on the environment? ||| How are waste and garbage processed? |||| Reformulation: 
0,How do you make Japanese Yakiniku ?,Query: How do you make Japanese Yakiniku? |||| Context:  |||| Reformulation: 
1,Can the sauce for Yakiniku be used in other dishes?,Query: Can the sauce be used in other dishes? |||| Context: How do you make Japanese Yakiniku ? |||| Reformulation: 
2,What are the best Yakiniku restaurants in Tokyo?,Query: What are the best Yakiniku restaurants in Tokyo? |||| Context: Can the sauce for Yakiniku be used in other dishes? ||| How do you make Japanese Yakiniku ? |||| Reformulation: 
3,Tell me about three star Michelin sushi restaurants in Tokyo.,Query: Tell me about three star Michelin sushi restaurants there. |||| Context: What are the best Yakiniku restaurants in Tokyo? ||| Can the sauce for Yakiniku be used in other dishes? ||| How do you make Japanese Yakiniku ? |||| Reformulation: 
4,How do I make dinner reservations in Tokyo restaurants?,Query: Oh you need an agent to make reservations? |||| Context: Tell me about three star Michelin sushi restaurants in Tokyo. ||| What are the best Yakiniku restaurants in Tokyo? ||| Can the sauce for Yakiniku be used in other dishes? ||| How do you make Japanese Yakiniku ? |||| Reformulation: 
5,Tell me what other fun things there are to do in Tokyo besides eating.,Query: Tell me other fun things to do there. |||| Context: How do I make dinner reservations in Tokyo restaurants? ||| Tell me about three star Michelin sushi restaurants in Tokyo. ||| What are the best Yakiniku restaurants in Tokyo? ||| Can the sauce for Yakiniku be used in other dishes? ||| How do you make Japanese Yakiniku ? |||| Reformulation: 
6,What is the cost of living in Tokyo compared to New York City (NYC)?,Query: What is the cost of living there compared to NYC? |||| Context: Tell me what other fun things there are to do in Tokyo besides eating. ||| How do I make dinner reservations in Tokyo restaurants? ||| Tell me about three star Michelin sushi restaurants in Tokyo. ||| What are the best Yakiniku restaurants in Tokyo? ||| Can the sauce for Yakiniku be used in other dishes? ||| How do you make Japanese Yakiniku ? |||| Reformulation: 
7,What is the salary of working in foreign law firms in Tokyo?,Query: What is the salary of foreign law firms there? |||| Context: What is the cost of living in Tokyo compared to New York City (NYC)? ||| Tell me what other fun things there are to do in Tokyo besides eating. ||| How do I make dinner reservations in Tokyo restaurants? ||| Tell me about three star Michelin sushi restaurants in Tokyo. ||| What are the best Yakiniku restaurants in Tokyo? ||| Can the sauce for Yakiniku be used in other dishes? ||| How do you make Japanese Yakiniku ? |||| Reformulation: 
0,Who are the rivals of the Pittsburgh Steelers?,Query: Who are the rivals of the Steelers? |||| Context:  |||| Reformulation: 
1,What are notable games between Baltimore Ravens versus Pittsburgh Steelers,Query: What are notable games between Ravens versus Steelers? |||| Context: Who are the rivals of the Pittsburgh Steelers? |||| Reformulation: 
2,What are notable moments in the Ravens and Steelers rivalry?,Query: And notable moments in their rivalry? |||| Context: What are notable games between Baltimore Ravens versus Pittsburgh Steelers ||| Who are the rivals of the Pittsburgh Steelers? |||| Reformulation: 
3,Tell me more about Polamalu's Interception versus Ravens in the 2008 AFC Championship game.,Query: Tell me more about that Polamalu's interception. |||| Context: What are notable moments in the Ravens and Steelers rivalry? ||| What are notable games between Baltimore Ravens versus Pittsburgh Steelers ||| Who are the rivals of the Pittsburgh Steelers? |||| Reformulation: 
4,How about Polamalu's interception return touchdown?,Query: How about his pick-6? |||| Context: Tell me more about Polamalu's Interception versus Ravens in the 2008 AFC Championship game. ||| What are notable moments in the Ravens and Steelers rivalry? ||| What are notable games between Baltimore Ravens versus Pittsburgh Steelers ||| Who are the rivals of the Pittsburgh Steelers? |||| Reformulation: 
5,Tell me more about the immaculate reception of Pittsburgh Steelers.,Query: Tell me more about the immaculate reception. |||| Context: How about Polamalu's interception return touchdown? ||| Tell me more about Polamalu's Interception versus Ravens in the 2008 AFC Championship game. ||| What are notable moments in the Ravens and Steelers rivalry? ||| What are notable games between Baltimore Ravens versus Pittsburgh Steelers ||| Who are the rivals of the Pittsburgh Steelers? |||| Reformulation: 
6,What happened to Three Rivers stadium?,Query: What happened to the stadium? |||| Context: Tell me more about the immaculate reception of Pittsburgh Steelers. ||| How about Polamalu's interception return touchdown? ||| Tell me more about Polamalu's Interception versus Ravens in the 2008 AFC Championship game. ||| What are notable moments in the Ravens and Steelers rivalry? ||| What are notable games between Baltimore Ravens versus Pittsburgh Steelers ||| Who are the rivals of the Pittsburgh Steelers? |||| Reformulation: 
7,Tell me more about Steelers' defense scheme.,Query: Tell me more about their defense. |||| Context: What happened to Three Rivers stadium? ||| Tell me more about the immaculate reception of Pittsburgh Steelers. ||| How about Polamalu's interception return touchdown? ||| Tell me more about Polamalu's Interception versus Ravens in the 2008 AFC Championship game. ||| What are notable moments in the Ravens and Steelers rivalry? ||| What are notable games between Baltimore Ravens versus Pittsburgh Steelers ||| Who are the rivals of the Pittsburgh Steelers? |||| Reformulation: 
0,What is the environmental cost of food production?,Query: What is the environmental cost of food production? |||| Context:  |||| Reformulation: 
1,Oh that much water? How much water is used in meat production?,Query: Oh that much water? How is that for meat? |||| Context: What is the environmental cost of food production? |||| Reformulation: 
2,How much less water is used to produce vegetables compared to meat?,Query: How much less is used for vegetables? |||| Context: Oh that much water? How much water is used in meat production? ||| What is the environmental cost of food production? |||| Reformulation: 
3,What are the benefits of being vegetarian to the environment?,Query: What are the benefits of being vegetarian? |||| Context: How much less water is used to produce vegetables compared to meat? ||| Oh that much water? How much water is used in meat production? ||| What is the environmental cost of food production? |||| Reformulation: 
4,Are there any health concerns of being vegetarian?,Query: Are there any health concerns? |||| Context: What are the benefits of being vegetarian to the environment? ||| How much less water is used to produce vegetables compared to meat? ||| Oh that much water? How much water is used in meat production? ||| What is the environmental cost of food production? |||| Reformulation: 
5,What are the sources of proteins for vegetarians?,Query: What are their sources of proteins? |||| Context: Are there any health concerns of being vegetarian? ||| What are the benefits of being vegetarian to the environment? ||| How much less water is used to produce vegetables compared to meat? ||| Oh that much water? How much water is used in meat production? ||| What is the environmental cost of food production? |||| Reformulation: 
6,Can you show me vegetarian recipes with almonds?,Query: Oh almonds? Can you show me recipes with it? |||| Context: What are the sources of proteins for vegetarians? ||| Are there any health concerns of being vegetarian? ||| What are the benefits of being vegetarian to the environment? ||| How much less water is used to produce vegetables compared to meat? ||| Oh that much water? How much water is used in meat production? ||| What is the environmental cost of food production? |||| Reformulation: 
7,How do you make almond flour?,Query: How do you make the flour? |||| Context: Can you show me vegetarian recipes with almonds? ||| What are the sources of proteins for vegetarians? ||| Are there any health concerns of being vegetarian? ||| What are the benefits of being vegetarian to the environment? ||| How much less water is used to produce vegetables compared to meat? ||| Oh that much water? How much water is used in meat production? ||| What is the environmental cost of food production? |||| Reformulation: 
0,What is high blood carbon dioxide?,Query: What is high blood carbon dioxide? |||| Context:  |||| Reformulation: 
1,What should you do to treat hypercapnia?,Query: What should you do to treat it? |||| Context: What is high blood carbon dioxide? |||| Reformulation: 
2,What are treatments for high cholesterol?,Query: How about high cholesterol? |||| Context: What should you do to treat hypercapnia? ||| What is high blood carbon dioxide? |||| Reformulation: 
3,What should I eat to improve high cholesterol?,Query: What should I eat to improve it? |||| Context: What are treatments for high cholesterol? ||| What should you do to treat hypercapnia? ||| What is high blood carbon dioxide? |||| Reformulation: 
4,What are the differences between saturated fat and trans fat?,Query: What are the differences between the two fats? |||| Context: What should I eat to improve high cholesterol? ||| What are treatments for high cholesterol? ||| What should you do to treat hypercapnia? ||| What is high blood carbon dioxide? |||| Reformulation: 
5,What are the benefits of unsaturated fats?,"Query: So, there are two types.  Is the other fat good for you? |||| Context: What are the differences between saturated fat and trans fat? ||| What should I eat to improve high cholesterol? ||| What are treatments for high cholesterol? ||| What should you do to treat hypercapnia? ||| What is high blood carbon dioxide? |||| Reformulation: "
6,"Oh, I like fish. What foods besides fish are good sources of unsaturated fats?",Query: Oh I like fish.  What other foods are good sources? |||| Context: What are the benefits of unsaturated fats? ||| What are the differences between saturated fat and trans fat? ||| What should I eat to improve high cholesterol? ||| What are treatments for high cholesterol? ||| What should you do to treat hypercapnia? ||| What is high blood carbon dioxide? |||| Reformulation: 
7,What types of unsaturated fats does olive oil contain?,"Query: What types does olive oil contain? |||| Context: Oh, I like fish. What foods besides fish are good sources of unsaturated fats? ||| What are the benefits of unsaturated fats? ||| What are the differences between saturated fat and trans fat? ||| What should I eat to improve high cholesterol? ||| What are treatments for high cholesterol? ||| What should you do to treat hypercapnia? ||| What is high blood carbon dioxide? |||| Reformulation: "
0,What causes my teeth to chip off?,Query: What causes my teeth to chip off? |||| Context:  |||| Reformulation: 
1,"Oh, what can dentists do to fix a chipped tooth?","Query: Oh, what can they do to fix it? |||| Context: What causes my teeth to chip off? |||| Reformulation: "
2,What are the differences between dental crowns and veneers?,"Query: I have a larger chip, how do the options different? |||| Context: Oh, what can dentists do to fix a chipped tooth? ||| What causes my teeth to chip off? |||| Reformulation: "
3,How does an implant compare to a crown?,"Query: A crown sounds better. What about using an implant? |||| Context: What are the differences between dental crowns and veneers? ||| Oh, what can dentists do to fix a chipped tooth? ||| What causes my teeth to chip off? |||| Reformulation: "
4,Which one of dental implants or crowns is more expensive?,"Query: Which one is more expensive? |||| Context: How does an implant compare to a crown? ||| What are the differences between dental crowns and veneers? ||| Oh, what can dentists do to fix a chipped tooth? ||| What causes my teeth to chip off? |||| Reformulation: "
5,What is the coverage of the crown in insurance?,"Query: What is the coverage of the crown in insurance? |||| Context: Which one of dental implants or crowns is more expensive? ||| How does an implant compare to a crown? ||| What are the differences between dental crowns and veneers? ||| Oh, what can dentists do to fix a chipped tooth? ||| What causes my teeth to chip off? |||| Reformulation: "
6,What is the coverage of the crown in medicare?,"Query: I meant medicare |||| Context: What is the coverage of the crown in insurance? ||| Which one of dental implants or crowns is more expensive? ||| How does an implant compare to a crown? ||| What are the differences between dental crowns and veneers? ||| Oh, what can dentists do to fix a chipped tooth? ||| What causes my teeth to chip off? |||| Reformulation: "
7,Show me medicare dentists in Seattle,"Query: Show me covered dentists in Seattle |||| Context: What is the coverage of the crown in medicare? ||| What is the coverage of the crown in insurance? ||| Which one of dental implants or crowns is more expensive? ||| How does an implant compare to a crown? ||| What are the differences between dental crowns and veneers? ||| Oh, what can dentists do to fix a chipped tooth? ||| What causes my teeth to chip off? |||| Reformulation: "
0,What is Melania Trump's religion?,Query: What is Melania Trump's religion? |||| Context:  |||| Reformulation: 
1,What did Melania Trump do before she was married?,Query: What did she do before she was married? |||| Context: What is Melania Trump's religion? |||| Reformulation: 
2,Does Melania Trump have children?,Query: Does she have children? |||| Context: What did Melania Trump do before she was married? ||| What is Melania Trump's religion? |||| Reformulation: 
3,How old is Barron Trump?,Query: How old is he? |||| Context: Does Melania Trump have children? ||| What did Melania Trump do before she was married? ||| What is Melania Trump's religion? |||| Reformulation: 
4,Donald and Melania Trump met at the Kit Kat Club?  Where is the Kit Kat Club?,Query: They met at the Kit Kat Club?  Where is that? |||| Context: How old is Barron Trump? ||| Does Melania Trump have children? ||| What did Melania Trump do before she was married? ||| What is Melania Trump's religion? |||| Reformulation: 
5,When did Melania Trump become a model?,Query: When did she become a model? |||| Context: Donald and Melania Trump met at the Kit Kat Club?  Where is the Kit Kat Club? ||| How old is Barron Trump? ||| Does Melania Trump have children? ||| What did Melania Trump do before she was married? ||| What is Melania Trump's religion? |||| Reformulation: 
6,Does the public pay the First Lady of the United States?,Query: Do we pay the First Lady? |||| Context: When did Melania Trump become a model? ||| Donald and Melania Trump met at the Kit Kat Club?  Where is the Kit Kat Club? ||| How old is Barron Trump? ||| Does Melania Trump have children? ||| What did Melania Trump do before she was married? ||| What is Melania Trump's religion? |||| Reformulation: 
7,Does the public pay Ivanka Trump?,Query: What about Ivanka? |||| Context: Does the public pay the First Lady of the United States? ||| When did Melania Trump become a model? ||| Donald and Melania Trump met at the Kit Kat Club?  Where is the Kit Kat Club? ||| How old is Barron Trump? ||| Does Melania Trump have children? ||| What did Melania Trump do before she was married? ||| What is Melania Trump's religion? |||| Reformulation: 
8,Does the public pay Jared Kushner?,Query: And Jared? |||| Context: Does the public pay Ivanka Trump? ||| Does the public pay the First Lady of the United States? ||| When did Melania Trump become a model? ||| Donald and Melania Trump met at the Kit Kat Club?  Where is the Kit Kat Club? ||| How old is Barron Trump? ||| Does Melania Trump have children? ||| What did Melania Trump do before she was married? ||| What is Melania Trump's religion? |||| Reformulation: 
9,What does Jared Kushner do at the White House?,Query: What does he do at the White House? |||| Context: Does the public pay Jared Kushner? ||| Does the public pay Ivanka Trump? ||| Does the public pay the First Lady of the United States? ||| When did Melania Trump become a model? ||| Donald and Melania Trump met at the Kit Kat Club?  Where is the Kit Kat Club? ||| How old is Barron Trump? ||| Does Melania Trump have children? ||| What did Melania Trump do before she was married? ||| What is Melania Trump's religion? |||| Reformulation: 
0,When did social security start in the United States (US)?,Query: When did social security start in the US? |||| Context:  |||| Reformulation: 
1,Was social security mandatory?,Query: Was it mandatory? |||| Context: When did social security start in the United States (US)? |||| Reformulation: 
2,Who received the first social security check?,Query: Who received the first check? |||| Context: Was social security mandatory? ||| When did social security start in the United States (US)? |||| Reformulation: 
3,When did the government start borrowing from social security?,Query: When did the government start borrowing from it? |||| Context: Who received the first social security check? ||| Was social security mandatory? ||| When did social security start in the United States (US)? |||| Reformulation: 
4,How much money is owed to social security?,Query: How much is owed? |||| Context: When did the government start borrowing from social security? ||| Who received the first social security check? ||| Was social security mandatory? ||| When did social security start in the United States (US)? |||| Reformulation: 
5,When will social security run out of money?,Query: When will it run out of money? |||| Context: How much money is owed to social security? ||| When did the government start borrowing from social security? ||| Who received the first social security check? ||| Was social security mandatory? ||| When did social security start in the United States (US)? |||| Reformulation: 
6,Wow! What will happen if social security runs out of money?,Query: Wow! What will happen? |||| Context: When will social security run out of money? ||| How much money is owed to social security? ||| When did the government start borrowing from social security? ||| Who received the first social security check? ||| Was social security mandatory? ||| When did social security start in the United States (US)? |||| Reformulation: 
7,Can social security be fixed?,Query: Can it be fixed? |||| Context: Wow! What will happen if social security runs out of money? ||| When will social security run out of money? ||| How much money is owed to social security? ||| When did the government start borrowing from social security? ||| Who received the first social security check? ||| Was social security mandatory? ||| When did social security start in the United States (US)? |||| Reformulation: 
8,How much of a tax increase will keep social security solvent?,Query: How much of an increase? |||| Context: Can social security be fixed? ||| Wow! What will happen if social security runs out of money? ||| When will social security run out of money? ||| How much money is owed to social security? ||| When did the government start borrowing from social security? ||| Who received the first social security check? ||| Was social security mandatory? ||| When did social security start in the United States (US)? |||| Reformulation: 
0,Why were the Grateful Dead such an influential live band?,Query: Why were the Dead such an influential live band? |||| Context:  |||| Reformulation: 
1,Why did the Grateful Dead allow live recordings?,Query: Why did they allow live recordings? |||| Context: Why were the Grateful Dead such an influential live band? |||| Reformulation: 
2,Did the Grateful Dead have a number one hit?,Query: Did they have a #1 hit? |||| Context: Why did the Grateful Dead allow live recordings? ||| Why were the Grateful Dead such an influential live band? |||| Reformulation: 
3,Who was the leader of the Grateful Dead?,Query: Who was the leader? |||| Context: Did the Grateful Dead have a number one hit? ||| Why did the Grateful Dead allow live recordings? ||| Why were the Grateful Dead such an influential live band? |||| Reformulation: 
4,How did Jerry Garcia lose his finger?,Query: How did he lose his finger? |||| Context: Who was the leader of the Grateful Dead? ||| Did the Grateful Dead have a number one hit? ||| Why did the Grateful Dead allow live recordings? ||| Why were the Grateful Dead such an influential live band? |||| Reformulation: 
5,What was Jerry Garcia's relationship to Jefferson Airplane?,Query: What was his relationship to the Airplane? |||| Context: How did Jerry Garcia lose his finger? ||| Who was the leader of the Grateful Dead? ||| Did the Grateful Dead have a number one hit? ||| Why did the Grateful Dead allow live recordings? ||| Why were the Grateful Dead such an influential live band? |||| Reformulation: 
6,Is Cassidy about Jack Casady?,Query: Is Cassidy about Jack Casady? |||| Context: What was Jerry Garcia's relationship to Jefferson Airplane? ||| How did Jerry Garcia lose his finger? ||| Who was the leader of the Grateful Dead? ||| Did the Grateful Dead have a number one hit? ||| Why did the Grateful Dead allow live recordings? ||| Why were the Grateful Dead such an influential live band? |||| Reformulation: 
7,Who wrote Cassidy?,Query: Who wrote it? |||| Context: Is Cassidy about Jack Casady? ||| What was Jerry Garcia's relationship to Jefferson Airplane? ||| How did Jerry Garcia lose his finger? ||| Who was the leader of the Grateful Dead? ||| Did the Grateful Dead have a number one hit? ||| Why did the Grateful Dead allow live recordings? ||| Why were the Grateful Dead such an influential live band? |||| Reformulation: 
8,What else did John Barlow and Bob Weir write?,Query: What else did they write? |||| Context: Who wrote Cassidy? ||| Is Cassidy about Jack Casady? ||| What was Jerry Garcia's relationship to Jefferson Airplane? ||| How did Jerry Garcia lose his finger? ||| Who was the leader of the Grateful Dead? ||| Did the Grateful Dead have a number one hit? ||| Why did the Grateful Dead allow live recordings? ||| Why were the Grateful Dead such an influential live band? |||| Reformulation: 
9,Why did the Grateful Dead break up?,Query: Why did the band break up? |||| Context: What else did John Barlow and Bob Weir write? ||| Who wrote Cassidy? ||| Is Cassidy about Jack Casady? ||| What was Jerry Garcia's relationship to Jefferson Airplane? ||| How did Jerry Garcia lose his finger? ||| Who was the leader of the Grateful Dead? ||| Did the Grateful Dead have a number one hit? ||| Why did the Grateful Dead allow live recordings? ||| Why were the Grateful Dead such an influential live band? |||| Reformulation: 
0,Who are some of the well-known Information Retrieval researchers?,Query: Who are some of the well-known Information Retrieval researchers? |||| Context:  |||| Reformulation: 
1,What Information Retrieval research did Bruce Croft work on?,Query: What did he work on? |||| Context: Who are some of the well-known Information Retrieval researchers? |||| Reformulation: 
2,Who are some important British Information Retrieval researchers?,Query: Who are some important British ones? |||| Context: What Information Retrieval research did Bruce Croft work on? ||| Who are some of the well-known Information Retrieval researchers? |||| Reformulation: 
3,What did Cyril Cleverdon's studies contribute to the evaluation of Information Retrieval systems?,Query: What did his studies contribute to evaluation? |||| Context: Who are some important British Information Retrieval researchers? ||| What Information Retrieval research did Bruce Croft work on? ||| Who are some of the well-known Information Retrieval researchers? |||| Reformulation: 
4,What are some criticisms of the Cranfield project experiments?,Query: What are some criticisms of the experiments? |||| Context: What did Cyril Cleverdon's studies contribute to the evaluation of Information Retrieval systems? ||| Who are some important British Information Retrieval researchers? ||| What Information Retrieval research did Bruce Croft work on? ||| Who are some of the well-known Information Retrieval researchers? |||| Reformulation: 
5,How did the Cranfield Experiments influence modern information retrieval evaluation initiatives?,Query: How did they influence modern initiatives? |||| Context: What are some criticisms of the Cranfield project experiments? ||| What did Cyril Cleverdon's studies contribute to the evaluation of Information Retrieval systems? ||| Who are some important British Information Retrieval researchers? ||| What Information Retrieval research did Bruce Croft work on? ||| Who are some of the well-known Information Retrieval researchers? |||| Reformulation: 
6,What is TREC for information retrieval research?,Query: What is TREC? |||| Context: How did the Cranfield Experiments influence modern information retrieval evaluation initiatives? ||| What are some criticisms of the Cranfield project experiments? ||| What did Cyril Cleverdon's studies contribute to the evaluation of Information Retrieval systems? ||| Who are some important British Information Retrieval researchers? ||| What Information Retrieval research did Bruce Croft work on? ||| Who are some of the well-known Information Retrieval researchers? |||| Reformulation: 
7,What are some recent TREC tasks?,Query: What are some recent tasks? |||| Context: What is TREC for information retrieval research? ||| How did the Cranfield Experiments influence modern information retrieval evaluation initiatives? ||| What are some criticisms of the Cranfield project experiments? ||| What did Cyril Cleverdon's studies contribute to the evaluation of Information Retrieval systems? ||| Who are some important British Information Retrieval researchers? ||| What Information Retrieval research did Bruce Croft work on? ||| Who are some of the well-known Information Retrieval researchers? |||| Reformulation: 
8,e-Discovery?  What's that?,Query: e-Discovery?  What's that? |||| Context: What are some recent TREC tasks? ||| What is TREC for information retrieval research? ||| How did the Cranfield Experiments influence modern information retrieval evaluation initiatives? ||| What are some criticisms of the Cranfield project experiments? ||| What did Cyril Cleverdon's studies contribute to the evaluation of Information Retrieval systems? ||| Who are some important British Information Retrieval researchers? ||| What Information Retrieval research did Bruce Croft work on? ||| Who are some of the well-known Information Retrieval researchers? |||| Reformulation: 
9,What are the important components of an information retrieval test collection?,Query: What are the important components of a test collection? |||| Context: e-Discovery?  What's that? ||| What are some recent TREC tasks? ||| What is TREC for information retrieval research? ||| How did the Cranfield Experiments influence modern information retrieval evaluation initiatives? ||| What are some criticisms of the Cranfield project experiments? ||| What did Cyril Cleverdon's studies contribute to the evaluation of Information Retrieval systems? ||| Who are some important British Information Retrieval researchers? ||| What Information Retrieval research did Bruce Croft work on? ||| Who are some of the well-known Information Retrieval researchers? |||| Reformulation: 
10,What about evaluation benchmarks for music information retrieval?,Query: What about benchmarks for music? |||| Context: What are the important components of an information retrieval test collection? ||| e-Discovery?  What's that? ||| What are some recent TREC tasks? ||| What is TREC for information retrieval research? ||| How did the Cranfield Experiments influence modern information retrieval evaluation initiatives? ||| What are some criticisms of the Cranfield project experiments? ||| What did Cyril Cleverdon's studies contribute to the evaluation of Information Retrieval systems? ||| Who are some important British Information Retrieval researchers? ||| What Information Retrieval research did Bruce Croft work on? ||| Who are some of the well-known Information Retrieval researchers? |||| Reformulation: 
11,What are important evaluation measures for web search engines?,Query: What are important measures for web search engines? |||| Context: What about evaluation benchmarks for music information retrieval? ||| What are the important components of an information retrieval test collection? ||| e-Discovery?  What's that? ||| What are some recent TREC tasks? ||| What is TREC for information retrieval research? ||| How did the Cranfield Experiments influence modern information retrieval evaluation initiatives? ||| What are some criticisms of the Cranfield project experiments? ||| What did Cyril Cleverdon's studies contribute to the evaluation of Information Retrieval systems? ||| Who are some important British Information Retrieval researchers? ||| What Information Retrieval research did Bruce Croft work on? ||| Who are some of the well-known Information Retrieval researchers? |||| Reformulation: 
12,What are important online evaluation metrics for web search?,Query: What about online ones? |||| Context: What are important evaluation measures for web search engines? ||| What about evaluation benchmarks for music information retrieval? ||| What are the important components of an information retrieval test collection? ||| e-Discovery?  What's that? ||| What are some recent TREC tasks? ||| What is TREC for information retrieval research? ||| How did the Cranfield Experiments influence modern information retrieval evaluation initiatives? ||| What are some criticisms of the Cranfield project experiments? ||| What did Cyril Cleverdon's studies contribute to the evaluation of Information Retrieval systems? ||| Who are some important British Information Retrieval researchers? ||| What Information Retrieval research did Bruce Croft work on? ||| Who are some of the well-known Information Retrieval researchers? |||| Reformulation: 
0,When did the Black Lives Matter campaign begin?,Query: When did the Black Lives Matter campaign begin? |||| Context:  |||| Reformulation: 
1,Tell me more about the shooting of Trayvon Martin.,Query: Tell me more about what happened. |||| Context: When did the Black Lives Matter campaign begin? |||| Reformulation: 
2,Why was George Zimmerman acquitted?,Query: Why was he acquitted? |||| Context: Tell me more about the shooting of Trayvon Martin. ||| When did the Black Lives Matter campaign begin? |||| Reformulation: 
3,And how what happened to Michael Brown?,Query: And how about what happened to Brown? |||| Context: Why was George Zimmerman acquitted? ||| Tell me more about the shooting of Trayvon Martin. ||| When did the Black Lives Matter campaign begin? |||| Reformulation: 
4,"Who named the movement ""Black Lives Matter""?",Query: Who named the movement? |||| Context: And how what happened to Michael Brown? ||| Why was George Zimmerman acquitted? ||| Tell me more about the shooting of Trayvon Martin. ||| When did the Black Lives Matter campaign begin? |||| Reformulation: 
5,What was the US reaction to the Black Lives Matter movement?,"Query: What was the US reaction to it? |||| Context: Who named the movement ""Black Lives Matter""? ||| And how what happened to Michael Brown? ||| Why was George Zimmerman acquitted? ||| Tell me more about the shooting of Trayvon Martin. ||| When did the Black Lives Matter campaign begin? |||| Reformulation: "
6,Tell me more about the Blue Lives Matter movement.,"Query: Tell me more about the movement of the police supporters. |||| Context: What was the US reaction to the Black Lives Matter movement? ||| Who named the movement ""Black Lives Matter""? ||| And how what happened to Michael Brown? ||| Why was George Zimmerman acquitted? ||| Tell me more about the shooting of Trayvon Martin. ||| When did the Black Lives Matter campaign begin? |||| Reformulation: "
7,Why were Rafael Ramos and Wenjian Liu killed?,"Query: Why were they killed? |||| Context: Tell me more about the Blue Lives Matter movement. ||| What was the US reaction to the Black Lives Matter movement? ||| Who named the movement ""Black Lives Matter""? ||| And how what happened to Michael Brown? ||| Why was George Zimmerman acquitted? ||| Tell me more about the shooting of Trayvon Martin. ||| When did the Black Lives Matter campaign begin? |||| Reformulation: "
8,What else motivates the Black Lives Matter movement?,"Query: What else motivates the Black Lives Matter movement? |||| Context: Why were Rafael Ramos and Wenjian Liu killed? ||| Tell me more about the Blue Lives Matter movement. ||| What was the US reaction to the Black Lives Matter movement? ||| Who named the movement ""Black Lives Matter""? ||| And how what happened to Michael Brown? ||| Why was George Zimmerman acquitted? ||| Tell me more about the shooting of Trayvon Martin. ||| When did the Black Lives Matter campaign begin? |||| Reformulation: "
